,EbN0 (in dBs),BER
0,1,0.05480895
1,2,0.02414634
2,3,0.00786531
3,4,0.00171489
4,5,0.00021949
5,6,1.058e-05
6,7,9e-08
7,8,0.0
8,9,0.0
9,10,0.0
10,11,0.0
11,12,0.0
12,13,0.0
13,14,0.0
14,15,0.0
15,16,0.0
16,17,0.0
17,18,0.0
18,19,0.0
